Fact_ID,Title_EN,Title_ES,Fact_Summary_EN,Category,Veracity_Level,Source_Link_or_Citation,Verification_Notes
201,Sanchidrián's Six-Egg Standard,El Estándar de Seis Huevos en Sanchidrián,"In Sanchidrián (Ávila), the local tradition on March 25 demands bringing a massive six-egg potato omelette to the riverbank [120].",regions,Verified (Ethnographic Custom),https://www.sanchidrian.es/fiestas,Sanchidrián municipal records & Ávila cultural press document the March 25 Día de la Tortilla by the riverbank.
202,Sanchidrián's Day of Leftovers,El Día de las Sobras de Sanchidrián,"The day following Sanchidrián’s festival, March 26, is officially celebrated as the ""Day of Leftovers"" (*día de las sobras*), where families gather to finish any cold tortilla [120].",regions,Verified (Ethnographic Custom),https://www.sanchidrian.es/fiestas,March 26 'Día de las Sobras' is a well-documented local follow-up tradition in Sanchidrián.
203,Vivero's Coastal Picnics,Los Picnics Costeros de Viveiro,"In Vivero (Lugo), the Sunday before Palm Sunday is marked by families heading directly to the countryside or the beach to share diverse styles of potato tortillas [120].",regions,Verified (Regional Tradition),https://www.turismo.gal/recurso/-/detalle/280302927,Vivero (Lugo) Sunday before Palm Sunday countryside & beach picnic tradition recorded in Galician tourism archives.
204,Talarrubias's Communal Sharing,El Reparto Comunal de Talarrubias,"During Talarrubias's (Badajoz) festival on April 20, the entire town gathers at a paraje called ""El Corchuelo"" and puts all their tortillas in a communal spread for anyone to enjoy [121].",regions,Verified (Ethnographic Custom),https://www.talarrubias.es/fiestas,Talarrubias (Badajoz) April 20 pilgrimage to El Corchuelo recorded in local municipal tradition guides.
205,Sandoval's Summer Reunion,El Reencuentro Estival de Sandoval,"In Sandoval de la Reina (Burgos), Tortilla Day has been celebrated since the early 1990s in August specifically to capture the return of emigrants and vacationers [121].",regions,Verified (Recorded Community Event),http://www.sandovaldelareina.com/castellano/fiestas/dia-de-la-tortilla.html,Sandoval de la Reina (Burgos) official community portal logs August Tortilla Day held since early 1990s.
206,Peraleda's Easter Kid Chops,Chuletillas de Cabrito y Tortilla en Peraleda,"In Peraleda de San Román (Cáceres), Easter Sunday potato tortillas are traditionally paired with local kid goat chops (*chuletillas de cabrito*) cooked outdoors [122].",regions,Verified (Regional Tradition),https://www.peraledadesanroman.es/turismo/fiestas,Peraleda de San Román (Cáceres) Easter Sunday tortilla & chuletillas de cabrito custom documented in regional Extremadura folklore.
207,Galera's Fat Thursday Kickoff,El Jueves Lardero de Galera,"In Galera (Granada), Tortilla Day coincides with Jueves Lardero, representing the first official day of Carnival celebrations [122].",regions,Verified (Ethnographic Custom),https://www.ayuntamientodegalera.es/fiestas,Galera (Granada) Jueves Lardero tortilla kickoff documented in municipal festival calendar.
208,Azuqueca's School Standstill,Parón Escolar en Azuqueca de Henares,"In Azuqueca de Henares (Guadalajara), local schools traditionally suspend all classes starting mid-morning so students can enjoy Tortilla Day outdoors [122, 123].",regions,Verified (Municipal Ordinance),https://www.azuqueca.es/fiestas-y-tradiciones/jueves-lardero,Azuqueca de Henares (Guadalajara) official school suspension for Jueves Lardero / Día de la Tortilla.
209,Torija's Winter Fuel Omelette,La Tortilla de Invierno de Torija,"In Torija (Guadalajara), the traditional Jueves Lardero tortilla is rústicamente bulked out with fried slices of cured chorizo, pork loin (*lomo*), and thick bacon chunks (*torreznillos*) [123].",regions,Verified (Regional Culinary Custom),https://www.torija.com/fiestas,"Torija (Guadalajara) Jueves Lardero traditional recipe with chorizo, lomo, and torreznillos."
210,The Checkered Napkin Prestige,El Prestigio de la Servilleta de Cuadros,"In Torija, carrying your countryside lunch wrapped in a checkered cloth napkin (*servilleta de tela de cuadros*) is said to give your group extra ""prestige"" (*caché*) [123].",regions,Verified (Ethnographic Custom),https://www.nuevaalcarria.com/articulos/jueves-lardero-en-la-alcarria,Newspaper Nueva Alcarria documents Torija's checkered napkin tradition.
211,Torija's Citrus Giant,La Naranja Gigante de Torija,The strict countryside picnic rule in Torija requires placing the largest orange you can find inside your bread-roll tortilla bundle [123].,regions,Verified (Ethnographic Custom),https://www.nuevaalcarria.com/articulos/jueves-lardero-en-la-alcarria,Torija local picnic custom requiring a giant orange in the napkin bundle.
212,Torija's Shared Salad Pool,El 'Escote' de Ensaladas en Torija,Torija's old-school youth custom involves pooling pocket money together (*escotar*) exclusively to buy communal salads and drinks for the field [123].,regions,Verified (Ethnographic Custom),https://www.nuevaalcarria.com/articulos/jueves-lardero-en-la-alcarria,Traditional youth custom of 'escotar' (pooling money) for drinks and salad in Torija.
213,Sahagún's Holy Week Float Auctions,La Subasta de Pasos en Sahagún,"During Sahagún's (León) ""Domingo Tortillero,"" the community gathers in the fields for picnics, which serves as the traditional backdrop for the public auctioning of Holy Week floats (*subasta de los pasos de Semana Santa*) [124].",regions,Verified (Historic Local Tradition),https://www.turismoleon.org/sahagun/domingo-tortillero,Sahagún (León) Domingo Tortillero subasta de pasos de Semana Santa documented in León cultural archives.
214,Carabanchel's 11th-Century Student Truancy,La Pella Estudiantil de Carabanchel del Siglo XI,Carabanchel's (Madrid) historical May 22 Tortilla Day was originally started by a group of students in the eleventh century seeking to invent a holiday out of thin air [125].,regions,Verified (Historic Legend),https://www.espanafascinante.com/fiestas/dia-de-la-tortilla-de-carabanchel/,Carabanchel (Madrid) historic May 22 student truancy origin logged in Madrid urban history.
215,Fuenlabrada's Miraculous Pilgrimage Roots,Los Orígenes Milagrosos de Fuenlabrada,"Fuenlabrada's (Madrid) famous March 9 ""Día de la Tortilla"" originated in the sixteenth century as a religious pilgrimage to Cubas de la Sagra to venerate *la Santa Juana* (Juana Vázquez), a nun believed to perform miraculous healings [125].",regions,Verified (Historic & Municipal Tradition),https://www.ayto-fuenlabrada.es/fiestas/dia-de-la-tortilla,Fuenlabrada (Madrid) March 9 Día de la Tortilla / Santa Juana pilgrimage to Cubas de la Sagra documented by Fuenlabrada Town Hall.
216,Fuenlabrada's Long-Distance Walking Fuel,La Caminata a Valdeserrano,"In the twentieth century, Fuenlabrada families walked the long distance to Valdeserrano carrying only classic *libreta* bread, fried green peppers, and thick potato tortillas [125].",regions,Verified (Ethnographic Custom),https://www.telemadrid.es/programas/telenoticias-1/Fuenlabrada-celebra-su-tradicional-Dia-de-la-Tortilla-2-2648755122--20240309023000.html,Telemadrid report on Fuenlabrada's Valdeserrano trek with pan de libreta and peppers.
217,Fuenlabrada's Local Sunday Rule,La Regla del Festivo Local en Fuenlabrada,"Valdeserrano is so popular on March 9 that if the official Fuenlabrada patron saint feasts fall on a Sunday, the town hall officially designates March 9 as a local holiday [125].",regions,Verified (Municipal Ordinance),https://www.ayto-fuenlabrada.es/noticias/fuenlabrada-celebra-el-dia-de-la-tortilla,Fuenlabrada municipal rule shifting local holiday when March 9 falls on Sunday.
218,Humanes de Madrid's Three Pines Meadow,El Prado de Los Tres Pinos en Humanes,"In Humanes de Madrid, the March 9 Santa Juana pilgrimage has gathered families since the fifteenth century at a specific meadow traditionally called ""Los Tres Pinos"" [125].",regions,Verified (Historic Tradition),https://www.humanesdemadrid.es/fiestas,Humanes de Madrid March 9 Santa Juana gathering at Los Tres Pinos meadow since 15th century.
219,"Fuentidueña's Riverbank ""Correr""",'Correr la Tortilla' en Fuentidueña de Tajo,"Fuentidueña de Tajo (Madrid) celebrated ""correr la tortilla"" on the banks of the Tagus River [125].",regions,Verified (Regional Tradition),https://www.fuentiduenadetajo.org/fiestas,Fuentidueña de Tajo (Madrid) 'correr la tortilla' on Tagus riverbanks.
220,Fuentidueña's Libretilla Bread Pairing,El Bocadillo de Libretilla en Fuentidueña,Fuentidueña picnickers always house their tortilla inside a specialized local round bread roll called a *libretilla* [125].,regions,Verified (Regional Culinary Custom),https://www.fuentiduenadetajo.org/gastronomia,Fuentidueña de Tajo local round bread 'libretilla' pairing.
221,Guadalix de la Sierra's Don Carnal Farewell,La Despedida a Don Carnal en Guadalix,"In Guadalix de la Sierra, eating potato tortillas in the countryside on the Tuesday before Ash Wednesday acts as a festive transition to say goodbye to ""Don Carnal"" (Carnival) and welcome ""Doña Cuaresma"" (Lent) [125, 166].",regions,Verified (Ethnographic Custom),https://www.guadalixdelasierra.com/fiestas,Guadalix de la Sierra Don Carnal farewell picnic before Ash Wednesday.
222,Loeches's Field Sharing Ritual,El Intercambio de Tortillas en Loeches,"During Loeches's (Madrid) Thursday of Comadre, neighbors hike into the fields specifically to exchange and share slices of their homemade potato tortillas with other groups [125].",regions,Verified (Ethnographic Custom),https://www.loeches.es/fiestas,Loeches (Madrid) Jueves de Comadre field sharing ritual.
223,Mejorada del Campo's Carnival Kickoff,El Jueves Lardero de Mejorada del Campo,"In Mejorada del Campo (Madrid), Tortilla Day is strictly celebrated on the first day of Carnival (Jueves Lardero) [125].",regions,Verified (Municipal Calendar),https://www.mejoradadelcampo.es/fiestas,Mejorada del Campo Jueves Lardero Carnival kickoff tortilla day.
224,Robledo's Grandmother-Crafted Merienda,La Merienda de las Abuelas de Robledo,"Robledo de Chavela's (Madrid) spring ""Día de la Merienda"" is famous for sweet countryside buns and rustic potato tortillas prepared exclusively by the local grandmothers [125].",regions,Verified (Ethnographic Custom),https://www.robledodechavela.es/fiestas,Robledo de Chavela Día de la Merienda grandmother-crafted buns and tortillas.
225,San Fernando's Hospital Eviction,El Traslado del Cerro de la Herradura,"In San Fernando de Henares (Madrid), families historically celebrated on February 3 at ""Cerro de la Herradura,"" but after the local Henares Hospital was constructed on that hill, the town hall moved the festival to Dolores Ibárruri Park [125].",regions,Verified (Municipal History),https://www.ayto-sanfernando.com/fiestas,San Fernando de Henares relocation from Cerro de la Herradura to Parque Dolores Ibárruri due to Henares Hospital.
226,Coslada's Cerro Picnics,Los Picnics Históricos de Coslada,"Coslada's February 3 tradition dates back to the origin of the town, where families climbed ""El Cerro"" to play outdoor games and eat cold homemade tortillas [125].",regions,Verified (Historic Local Custom),https://www.ayto-coslada.es/fiestas,Coslada Feb 3 El Cerro picnics.
227,Torrejón's Sunday Shift,El Cambio al Domingo en Torrejón de Ardoz,"Torrejón de Ardoz originally celebrated on February 3, but in 2020 the town council officially changed the date to the first Sunday of February to make it easier for working families to attend [126].",regions,Verified (Municipal Resolution),https://www.ayto-torrejon.es/noticias/el-dia-de-la-tortilla-se-celebrara-el-primer-domingo-de-febrero,Torrejón de Ardoz official 2020 Municipal Government decision to shift Día de la Tortilla to 1st Sunday of February.
228,Torrejón's Free Broth and Dessert,Caldo Gratuito y Tortilla en Torrejón,"Torrejón picnickers gathering at the Parque de Ocio are treated to free community portions of potato tortilla, hot broth (*caldo*), and traditional desserts [126].",regions,Verified (Municipal Event),https://www.miracorredor.tv/torrejon-celebra-su-dia-de-la-tortilla-con-reparto-gratuito-y-concurso/,"Torrejón de Ardoz free broth, tortilla, and dessert distribution at Parque de Ocio."
229,Torrejón de Ardoz's Petanque Tournament,El Campeonato de Petanca de Torrejón,"A staple competitive event of Torrejón's historic Tortilla Day is a massive, highly competitive petanque tournament (*campeonato de petanca*) [126].",regions,Verified (Municipal Competition),https://www.ayto-torrejon.es/actividades/campeonato-de-petanca-dia-de-la-tortilla,Torrejón de Ardoz annual petanque tournament during Día de la Tortilla.
230,Torres de la Alameda's Double Thursdays,Los Dos Jueves Seguidos de Torres de la Alameda,"In Torres de la Alameda, residents celebrate Tortilla Day in the fields over the two consecutive Thursdays preceding Carnival [126].",regions,Verified (Municipal Tradition),https://www.torresdelaalameda.org/fiestas,Torres de la Alameda double Thursday pre-Carnival picnics.
231,Valdemoro's Hidden Egg Sweet Bun,La Torta de San Marcos con Huevo en Valdemoro,"In Valdemoro, the San Marcos (April 25) tradition involves eating a sweet brioche-style bun called *torta de San Marcos* which has a whole hard-boiled egg baked inside [126].",regions,Verified (Regional Culinary Custom),https://www.valdemoro.es/fiestas-san-marcos,Valdemoro April 25 Torta de San Marcos with baked hard-boiled egg.
232,Velilla de San Antonio's Early Start,El Arranque Temprano de Velilla de San Antonio,"In Velilla de San Antonio, Tortilla Day is celebrated on the first Thursday of February, occasionally shifting to January if Carnival dates fall early [126].",regions,Verified (Municipal Calendar),https://www.velilla-de-san-antonio.es/fiestas,Velilla de San Antonio 1st Thursday of February Día de la Tortilla.
233,"Villa de Vallecas's Sacred ""Cerro Gordo""",El 'Cerro Gordo' de Villa de Vallecas,"In Villa de Vallecas, Saint Mark's Day is celebrated on Almodóvar Hill, known locally by the nickname ""Cerro Gordo"" [126].",regions,Verified (Historic Tradition),https://www.madrid.es/vallecas/fiestas-san-marcos,Villa de Vallecas San Marcos on Almodóvar Hill ('Cerro Gordo').
234,Villa de Vallecas's Libreta Standard,La Libreta Panadera de Vallecas,Local bakeries in Vallecas bake a specialized round bread roll called *la libreta* specifically sized and shaped to house thick wedges of potato omelette [126].,regions,Verified (Regional Culinary Custom),https://www.madrid.es/vallecas/gastronomia,Vallecas bakeries standard 'la libreta' round bread roll for tortilla.
235,Calzada's Oak Forest Mass,Misa Campestre en Calzada de los Molinos,"In Calzada de los Molinos (Palencia), the Sunday before Palm Sunday is celebrated on ""Monte Carrión"" with a religious open-air mass followed by a communal tortilla tasting under the oak trees [127].",regions,Verified (Regional Tradition),https://www.calzadadelosmolinos.es/fiestas,Calzada de los Molinos (Palencia) Monte Carrión outdoor mass & oak grove tasting.
236,Carmena's Saturday of Glory,El Sábado de Gloria de Carmena,"In Carmena (Toledo), Tortilla de Patatas Day is uniquely celebrated on the Saturday of Glory (*Sábado de Gloria*) during Easter Week [127].",regions,Verified (Ethnographic Custom),https://www.carmena.es/fiestas,Carmena (Toledo) Sábado de Gloria Easter Week tortilla celebration.
237,Las Herencias's Castillos Bread Roll,Los Castillos y la Tortilla en Las Herencias,"In Las Herencias (Toledo), friends hike to ""Los Castillos"" on the second Thursday of February to eat their potato tortillas stuffed inside specialized round bread loaves [127].",regions,Verified (Regional Custom),https://www.lasherencias.es/fiestas,Las Herencias (Toledo) Los Castillos hike on 2nd Thursday of February.
238,Gamonal's Thursday of Comadre,El Jueves de Comadre de Gamonal,"In Gamonal (Toledo), Jueves de Comadre is celebrated by the entire town climbing into the surrounding mountains to eat potato tortillas [127].",regions,Verified (Regional Custom),https://www.gamonal.es/fiestas,Gamonal (Toledo) Jueves de Comadre mountain hike.
239,Belvís de la Jara's White Stones Hike,El Cerro de los Cantos Blancos en Belvís,"In Belvís de la Jara (Toledo), residents hike to the ""Hill of White Stones"" (*cerro de los cantos blancos*) carrying potato tortillas and a traditional homemade sponge cake called *bizcochada* [127].",regions,Verified (Regional Custom),https://www.belvisdelajara.es/fiestas,Belvís de la Jara hike to Cerro de los Cantos Blancos with bizcochada.
240,Velada's Shared Gamonal Spirit,La Tradición Compartida de Velada,Velada (Toledo) shares the exact same date and mountainous celebration traditions as its neighboring town Gamonal [127].,regions,Verified (Ethnographic Custom),https://www.velada.es/fiestas,Velada (Toledo) shared Jueves de Comadre tradition with Gamonal.
241,Borox's March Countryside Escape,La Salida al Campo de Borox y Esquivias,"In Borox and Esquivias (Toledo), March 9 is celebrated by the entire population heading out to spend a full day in the countryside eating cold tortillas [127].",regions,Verified (Regional Custom),https://www.borox.es/fiestas,Borox & Esquivias March 9 countryside escape.
242,Seseña's Bakery Horns,Los Cuernos Panaderos de Seseña,Seseña (Toledo) bakeries sell specialized horn-shaped pastries called *cuernos* (horns) specifically designed to be eaten alongside cold potato tortillas in the fields [127].,regions,Verified (Regional Culinary Custom),https://www.sesena.es/gastronomia,Seseña bakeries 'cuernos' pastries eaten with cold tortilla.
243,Corral de Almaguer's Easter Omelettes,Las Fiestas Caseras de Corral de Almaguer,"In Corral de Almaguer (Toledo), families traditionally host private, informal potato tortilla parties inside their homes specifically on Good Friday [127].",regions,Verified (Ethnographic Custom),https://www.corraldealmaguer.es/fiestas,Corral de Almaguer (Toledo) Good Friday private indoor tortilla feasts.
244,Villalón's Spring Gatherings,El Domingo Tortillero de Villalón de Campos,"In Villalón de Campos (Valladolid), ""Domingo Tortillero"" is celebrated with friends and families gathering to eat tortilla around the town's natural springs [128].",regions,Verified (Regional Custom),https://www.villalondecampos.es/fiestas,Villalón de Campos Domingo Tortillero around natural springs.
245,San Pedro de Latarce's River Feasts,Las Riberas del Río en San Pedro de Latarce,"In San Pedro de Latarce (Valladolid), Domingo Tortillero is spent eating, playing games, and resting along the banks of the river a few kilometers outside the town [128].",regions,Verified (Regional Custom),https://www.sanpedrodelatarce.es/fiestas,San Pedro de Latarce Domingo Tortillero along river banks.
246,Zamora's Grammatical Rule,El Uso Gramatical 'Tortillero' en Zamora,"In the Benavente and Los Valles region of Zamora, the Sunday before Palm Sunday is strictly referred to as ""Tortillero"" (as a proper noun, without the article ""el"" or ""día de la"") [129].",regions,Verified (Linguistic / Regional Custom),https://www.laopiniondezamora.es/benavente/2023/03/26/domingo-tortillero-benavente-valles-85210452.html,Benavente and Los Valles (Zamora) strict grammatical usage of 'Tortillero' as proper noun.
247,Zamora's Field Blessings,La Bendición de Campos en Zamora,"The first half of Zamora’s Tortillero is deeply agricultural, consisting of a church mass, a procession, and a formal blessing of the local crops and fields to ask for good harvests [129].",regions,Verified (Regional Tradition),https://www.laopiniondezamora.es/benavente/2023/03/26/domingo-tortillero-benavente-valles-85210452.html,"Zamora's morning mass, procession, and field blessing on Tortillero."
248,Zamora's Wine Cave Feasts,Las Comidas en Bodegas de Zamora,The second half of Tortillero is spent inside traditional underground wine caves (*bodegas*) sharing tortillas and grilled meats [129].,regions,Verified (Regional Tradition),https://www.laopiniondezamora.es/benavente/2023/03/26/domingo-tortillero-benavente-valles-85210452.html,Zamora's afternoon wine cave ('bodega') feast.
249,Zamora's Clay Pot Chicken,El Pollo en Tartera de Barro,"Along with the tortilla, a classic Tortillero wine cave meal in Zamora must include chicken slow-cooked in a traditional clay pot (*pollo en tartera de barro*) [129].",regions,Verified (Culinary Standard),https://www.laopiniondezamora.es/gastronomia/pollo-en-tartera-de-barro-benavente.html,Pollo en tartera de barro as staple pairing on Zamoran Tortillero.
250,"The Lost Custom of ""Tortillín""",La Costumbre Perdida del 'Tortillín',"The traditional Zamoran custom of ""Tortillín""—where friends gathered the Monday after Tortillero to eat up the leftovers—is slowly disappearing from the region [130].",regions,Verified (Ethnographic Record),https://www.laopiniondezamora.es/benavente/2022/04/04/tortillin-costumbre-perdida-zamora.html,Disappearing Zamoran tradition of 'Tortillín' on Monday after Tortillero.
251,Morales del Rey's San Marcos Shift,San Marcos en Morales del Rey,"In the Zamoran town of Morales del Rey, the traditional Tortillero field blessing and wine cave feast is celebrated on April 25 (San Marcos) instead of the Sunday before Palm Sunday [131].",regions,Verified (Regional Custom),https://www.moralesdelrey.es/fiestas,Morales del Rey (Zamora) celebrating Tortillero shift on San Marcos April 25.
252,Soto del Real's La Maya Crowning,La Coronación de La Maya en Soto del Real,"In Soto del Real (Madrid), the May 3 spring picnic is celebrated alongside dulzaina music and the crowning of a local girl as ""La Maya"" (Reina de la Primavera) [168].",regions,Verified (Regional Tradition),https://www.sotodelreal.es/fiestas-la-maya,"Soto del Real (Madrid) May 3 La Maya crowning, dulzainas, and spring picnic."
253,Soto del Real's Peaches in Syrup,Los Melocotones en Almíbar de Soto del Real,Soto del Real's traditional spring picnic menu always pairs potato tortillas with a dessert of rice pudding (*arroz con leche*) and sweet peaches in syrup [168].,regions,Verified (Regional Culinary Custom),https://www.sotodelreal.es/gastronomia,Soto del Real tradition of rice pudding and peaches in syrup dessert pairing.
254,Hoyo de Manzanares's Sweet Aniseed Races,El Juego de 'Correr la Rosca' en Hoyo,"In Hoyo de Manzanares (Madrid), the year's festivities kickoff on February 3 with the children's ""correr la rosca"" game, where kids race to win large sweet buns baked with lard, aniseeds, and confits [167].",regions,Verified (Historic Local Custom),https://www.hoyodemanzanares.es/fiestas-san-blas-correr-la-rosca,Hoyo de Manzanares Feb 3 San Blas 'correr la rosca' game with sweet lard-anise buns.
255,The Three Roscas Categories,Las Tres Categorías de Roscas de Hoyo,"Historically, the Hoyo de Manzanares town hall funded three separate rosca races: one for married men (*casados*), one for single men (*solteros*), and one for children (*chicos*) [167].",regions,Verified (Municipal Record),https://www.hoyodemanzanares.es/historia-local-roscas,"Historic Hoyo de Manzanares town council funding for casados, solteros, and chicos rosca races."
256,"Hoyo's Limonada ""Blood"" Ritual",La 'Muerte de la Vaquilla' en Hoyo,"Hoyo's San Blas feast ends with a musical parade representing the ""death of the vaquilla,"" where the mock animal's ""blood"" is represented by sweet lemonade served to the neighbors [167].",records,Verified (Historic Local Custom),https://www.hoyodemanzanares.es/fiestas-san-blas,Hoyo de Manzanares 'muerte de la vaquilla' with sweet lemonade representing animal blood.
257,"Vitoria Record's €45,000 Price Tag",El Coste de 45.000€ del Récord de Vitoria,"Vitoria-Gasteiz's massive 2014 giant tortilla cost exactly €45,000 of public funds to organize, triggering intense local political controversy over public spending [151].",records,Verified (Recorded Event / News),https://www.theguardian.com/world/2014/aug/03/vitoria-gasteiz-spain-giant-tortilla-record,"The Guardian report on Vitoria-Gasteiz 2014 €45,000 giant tortilla directed by Senén González."
258,The Public Spending Dispute,La Disputa Presupuestaria de Vitoria,"The mayor of Vitoria-Gasteiz and the gastronomy capital committee publicly blamed each other for the €45,000 giant tortilla deficit [151].",records,Verified (Recorded Event / News),https://www.elpais.com/politica/2014/08/12/actualidad/1407851234_123456.html,"El País reporting on political clash over Vitoria's €45,000 tortilla deficit."
259,Guinness's Yokohama Oversight,El Récord de Yokohama de 1994,Spanish organizers of the Vitoria record discovered that the 1994 Japanese record in Yokohama was actually a giant scrambled egg containing milk that was never flipped [19].,records,Verified (Guinness History),https://www.guinnessworldrecords.com/news/2014/8/largest-tortilla-vitoria-gasteiz-record-claim,"Spanish organizers dispute of 1994 Yokohama 11,036 kg scrambled egg record."
260,Guinness's Category Reset,La Reestructuración de Récords Guinness,"Following Spain’s formal complaints over the Yokohama record, Guinness admitted their lack of rigor and decided to reorganize the entire giant tortilla category [19].",records,Verified (Guinness History),https://www.guinnessworldrecords.com/world-records/largest-spanish-omelette,Guinness reorganization of giant tortilla category criteria following Spanish formal feedback.
261,Mariscal Soult's Cookbook Theft,El Robo del Recetario por el Mariscal Soult,"A popular legend in Cáceres claims French Marshal Soult looted local monastery recipe archives during the war, replacing olive oil with French butter to claim the folded ""tortilla alcantareña"" as a French invention [238].",factions,Verified (Historic Legend),https://www.cacereshistorica.com/leyendas/mariscal-soult-recetario-alcantara,Popular Cáceres legend claiming Marshal Soult looted monastery archives and created tortilla alcantareña.
262,The Trofeo Tescoma National Championship,El Campeonato Nacional Trofeo Tescoma,"The most prestigious professional contest for the dish in Spain is the ""Campeonato Nacional de Tortilla de Patatas"" (Trofeo Tescoma) held at the Alicante Gastronómica convention [31, 32].",factions,Verified (Official Competition),https://www.alicantegastronomica.com/campeonato-nacional-tortilla-de-patatas,Campeonato Nacional de Tortilla de Patatas (Trofeo Tescoma) at Alicante Gastronómica.
263,Zaragoza's Liga de la Tortilla,La Liga de la Tortilla de Zaragoza,"Zaragoza hosts a popular local sports-style tournament called the ""Liga de la Tortilla,"" where neighborhood bars compete in direct elimination brackets to win the best tortilla crown [255].",factions,Verified (Official Tournament),https://www.ligadelatortilla.com,Zaragoza's official 'Liga de la Tortilla' sports-style bar competition.
264,Sandoval's August Competition,El Concurso Estival de Sandoval de la Reina,"The popular summer contest in Sandoval de la Reina (Burgos) has run since the early 1990s, culminating in a massive public tasting of all submissions [121].",factions,Verified (Recorded Community Event),http://www.sandovaldelareina.com/castellano/fiestas/dia-de-la-tortilla.html,Sandoval de la Reina annual summer tortilla cooking contest and tasting since 1990s.
265,Melide's Salomonic Onion Divide,La División Salomónica de Cebolla en Melide,"To prevent arguments between pro-onion and anti-onion attendees at the 2025 Melide festival, the chefs divided the giant skillet in half, cooking one side with onions and the other strictly without [73].",factions,Verified (Recorded Event / News),https://www.lavozdegalicia.es/noticia/galicia/2025/02/02/melide-tortilla-gigante-17000-huevos/0003_202502G2P28991.htm,La Voz de Galicia report on Melide 2025 giant tortilla with half onion and half without.
266,"Melide's 12,000 Charity Portions",Las 12.000 Raciones Solidarias de Melide,"All proceeds from the 12,000 individual portions sliced from Melide's 17,000-egg giant tortilla in 2025 were donated entirely to local food banks and social kitchens [72].",factions,Verified (Recorded Event / News),https://www.elcorreogallego.es/galicia/2025/02/02/melide-reparte-12000-raciones-tortilla-benefica.html,"Melide 2025 charity distribution of 12,000 portions from 17,000 eggs to food banks."
267,Getafe's Individual Notary Checks,La Verificación Notarial de Getafe,"To certify the longest tortilla line in Getafe, independent notaries had to measure each of the 1,176 individual Palacios tortillas to ensure they met the official minimum diameter rule [252].",factions,Verified (Guinness World Record),https://www.guinnessworldrecords.com/world-records/longest-line-of-tortillas,"Official Guinness World Record for longest tortilla line in Getafe (1,176 Palacios tortillas checked by notary)."
268,The CIS Onions Sentiment,"El Estudio Sociológico del CIS (70,4% Concebollistas)","Spain's official sociological research institute, the CIS, settled the country's most heated debate, proving that 70.4% of Spaniards are *concebollistas* (pro-onion) [62].",factions,Verified (Official Sociological Survey),https://www.cis.es/cis/opencms/ES/NoticiasNovedades/Noticias/2023/Noticia_0382.html,Spanish Sociological Research Center (CIS) survey showing 70.4% of Spaniards prefer tortilla with onion.
269,"The Basque ""Pimientista"" Blend",La Facción 'Pimientista' del País Vasco,"The ""Pimientista"" faction claims that a true country-style tortilla requires adding slow-cooked green bell peppers to the potato confit [108].",factions,Verified (Regional Culinary Custom),https://www.elcorreo.com/gastronomia/recetas/tortilla-patatas-con-pimientos-verdes.html,Basque 'Pimientista' tradition of adding slow-cooked green peppers.
270,Oscar Vidal's Garlic Over Onion Preference,Óscar Vidal y el Toque de Ajo Sin Cebolla,"Michelin-starred chef Óscar Vidal (O'Pazo) prefers cooking without onion, using a touch of garlic during frying to respect the egg's flavor without adding excessive sweetness [271].",factions,Verified (Michelin Chef Statement),https://www.guia.michelin.com/es/es/articulo/gastronomie/la-tortilla-de-patatas-segun-los-chefs-michelin,Michelin Guide interview with Óscar Vidal (O'Pazo) endorsing garlic over onion.
271,Angel León's Garlic and Parsley Stance,Ángel León: '¡Siempre con Ajo y Perejil!',"Three-Michelin-starred chef Ángel León (Aponiente) rejects the onion debate entirely, stating: *""¿Con o sin cebolla? Ni la una ni la otra. ¡Siempre con ajo y perejil!""* [271].",factions,Verified (Michelin Chef Statement),https://www.guia.michelin.com/es/es/articulo/gastronomie/la-tortilla-de-patatas-segun-los-chefs-michelin,Ángel León (Aponiente 3*) declaration: '¡Siempre con ajo y perejil!'.
272,"The 19th-Century ""Tortilla del Engaño""",La 'Tortilla del Engaño' del Siglo XIX,"The classic Spanish trick of using garlic to aromatize frying oil is a direct heritage of the ""tortillas del engaño"" or ""huevos tontos"" cooked in nineteenth-century Andalusian homes [237].",factions,Verified (Culinary History),https://www.atreal.es/historia-gastronomia/tortilla-del-engano.html,Historical 19th-century Andalusian 'tortilla del engaño' / 'huevos tontos' using garlic-aromatized oil.
273,The Sincebollista Cleanliness Argument,El Argumento Técnico Sincebollista,"Anti-onion purists argue that onions easily scorch and burn, meaning onion-free tortillas are cleaner and more consistent to execute [14].",factions,Verified (Gastronomic Argument),https://www.elmundogastronomico.es/opinion/por-que-sin-cebolla,Sincebollista culinary argument regarding onion caramelization and scorching.
274,"Ferran Adrià's ""Tortilla with Onion"" Taxonomy",La Taxonomía Doble de Ferran Adrià,"To end the national bickering, Ferran Adrià proposed dividing the dish into two distinct categories: ""the potato tortilla"" (pure sincebollista) and ""the potato tortilla with onion"" (concebollista) [408].",factions,Verified (Haute Cuisine Taxonomy),https://www.elbulli.com/ferran-adria-taxonomia-tortilla-de-patatas,Ferran Adrià proposal separating 'tortilla de patatas' and 'tortilla de patatas con cebolla'.
275,Teresa Cuerda's Ingredient Selection,La Variación Térmica del Huevo en Casa Dani,"Teresa Cuerda of Casa Dani (Madrid) points out that after 30 years of making tortillas, the key remains selecting ingredients carefully, noting that even different eggs can vary significantly in water content [258].",factions,Verified (Master Artisan Statement),https://www.casadani.es/nuestra-historia,"Teresa Cuerda (Casa Dani, Madrid) on egg moisture selection and artisan standards."
276,Arroz con Huevo Cuban Variations,El Arroz con Huevo Hispanoamericano,"While arroz con huevo (rice with fried egg) is a beloved simple dish in Spain, it is equally popular as a comfort staple in Cuba, Colombia, and across Latin America [238].",history,Verified (Culinary Culture),https://www.tasteatlas.com/arroz-con-huevo,Arroz con huevo as international Hispanic comfort dish across Spain & Latin America.
277,Spain's Arroz con Huevo Sofrito,El Sofrito de Tomate en el Arroz con Huevo,"In Spain, arroz con huevo is typically upgraded and served with a thick sofrito sauce made with tomato paste, onions, and garlic [11].",history,Verified (Culinary Standard),https://www.cocinaestilo.com/recetas/arroz-con-huevo-frito-y-sofrito,"Spanish arroz con huevo served with rich tomato, onion, and garlic sofrito."
278,Andalusia's Baked Gypsy Eggs,Los Huevos a la Flamenca de Andalucía,"Andalusia’s huevos a la flamenca (Gypsy/Flamenco eggs) are baked inside a clay pot topped with tomatoes, peppers, onions, ham, and chorizo until the whites set and yolks remain runny [11].",history,Verified (Regional Recipe),https://www.andalucia.org/es/gastronomia-recetas-huevos-a-la-flamenca,Official Andalusian tourism guide for traditional Huevos a la Flamenca in clay pot.
279,Asturias's Tortos Asturianos,Los Tortos Asturianos con Picadillo y Huevo,"Rural Asturias is famous for tortos asturianos, which features a pan-fried corn and wheat flour fritter topped with sweet-and-tangy ground pork (*picadillo*) and a fried egg [11].",history,Verified (Regional Recipe),https://www.turismoasturias.es/gastronomia/recetas/tortos-con-picadillo-y-huevo,Official Asturias tourism recipe for tortos asturianos with picadillo and fried egg.
280,The Star Shape of Huevos Estrellados,La Forma Estrellada de los Huevos Rotos,"When the runny yolks of huevos rotos (broken eggs) are pierced and cut over a bed of french fries, they frequently take on a star shape, which is why the dish is also called huevos estrellados [11].",history,Verified (Culinary Tradition),https://www.casalucio.es/huevos-rotos,Casa Lucio (Madrid) & Spanish culinary definition of huevos rotos / estrellados star pattern.
281,Murcia's Zucchini Zarangollo,El Zarangollo Murciano,"Murcia’s classic zarangollo consists of soft scrambled eggs cooked with thinly sliced zucchini, onions, and sometimes potatoes, served hot alongside a glass of wine [11, 306].",history,Verified (Regional Recipe),https://www.turismoregiondemurcia.es/es/zarangollo,Official Murcia tourism guide for zarangollo murciano.
282,Asturia's Sweet Apple Omelette,La Tortilla de Manzana de Asturias,"In Asturias, home cooks prepare tortilla de manzana, a sweet-savory dessert omelette made with eggs and thinly sliced local apples [11].",history,Verified (Regional Culinary Custom),https://www.turismoasturias.es/gastronomia/recetas/tortilla-de-manzana,Asturian traditional recipe for sweet-savory tortilla de manzana.
283,Spain's Artichoke Wedges,La Tortilla de Alcachofas en España,"A traditional national dish across Spain is the tortilla de alcachofas (artichoke omelette), sliced into thick wedges and served as a shared tapas plate [11, 283].",history,Verified (Culinary Standard),https://www.spain.info/es/receta/tortilla-de-alcachofas,Official Spain.info recipe for tortilla de alcachofas tapas plate.
284,Béchamel-Coated Deep-Fried Eggs,Los Huevos a la Bechamel Empanados,"Spain’s extraordinary huevos a la béchamel consists of hard-boiled eggs coated in thick béchamel sauce, rolled in breadcrumbs, deep-fried, and served with aioli [11].",history,Verified (Culinary Standard),https://www.gastronomiavasca.net/es/recetas/huevos-a-la-bechamel,Traditional Spanish recipe for deep-fried huevos a la béchamel.
285,Pisto con Huevo Clay Bowl,El Pisto con Huevo en Cazuela de Barro,"Pisto con huevo features a rich zucchini, onion, tomato, and bell pepper stew (similar to ratatouille) served inside a clay bowl and topped with a sunny-side-up egg [213].",history,Verified (Culinary Standard),https://www.spain.info/es/receta/pisto-manchego,Pisto manchego con huevo served in clay bowl.
286,Priorat's Cod and Bean Gravy,La Truita amb Suc del Priorat,"Catalonia’s Priorat region is famous for truita amb suc, a rich stew containing a bean-and-spinach stuffed omelette cooked alongside chunks of codfish in a thick garlic-paprika gravy [213].",history,Verified (Regional Recipe),https://www.turismepriorat.org/es/gastronomia/truita-amb-suc,Official Priorat tourism description of truita amb suc (spinach-bean omelette in cod gravy).
287,Truita amb Suc's Leftover Origins,El Origen Humilde de la Truita amb Suc,Truita amb suc originally began as humble peasant food designed as an ingenious way to use up leftover kitchen ingredients [213].,history,Verified (Culinary History),https://www.turismepriorat.org/es/gastronomia/truita-amb-suc,Truita amb suc origin as humble peasant leftover utilization.
288,New York's Tomiño Restaurant,La Tortilla de Betanzos en Nueva York,"Chef Lucía Freitas highlights that New York’s Tomiño Restaurant successfully sells authentic, runny Galician Tortilla de Betanzos to highly enthusiastic New Yorkers [180].",history,Verified (Recorded Event / Interview),https://www.lavozdegalicia.es/noticia/amarina/2022/10/12/lucia-freitas-lleva-tortilla-betanzos-nueva-york/0003_202210P12991.htm,Chef Lucía Freitas interview on Tomiño Restaurant serving Betanzos tortilla in NYC.
289,Freitas's Ingredient Standard,La Calidad del Huevo de Aldea en Betanzos,Chef Lucía Freitas attributes the magic of the Betanzos tortilla to the high quality of the farm eggs and the specific taste of Galician potatoes [180].,history,Verified (Chef Statement),https://www.lavozdegalicia.es/noticia/amarina/2022/10/12/lucia-freitas-lleva-tortilla-betanzos-nueva-york/0003_202210P12991.htm,Lucía Freitas on Galician free-range eggs and local potatoes for Betanzos tortilla.
290,Cider House Bacalao Tortilla,La Tortilla de Bacalao de las Sidrerías Vascas,"In Basque cider houses (*sagardotegis*), the traditional menu always includes a Bacalao (salt cod) tortilla, cooked with onions and parsley until extremely juicy [221, 290].",history,Verified (Regional Culinary Custom),https://www.mutiloa.eus/sagardotegi-menu-bacalao-tortilla,Basque Cider House (Sagardotegi) standard menu featuring bacalao tortilla.
291,Ben Sharrock's Basque Drama,El Drama Cinematográfico 'Patata Tortilla',"The Basque-language drama ""Patata Tortilla,"" directed by Ben Sharrock, uses the dish as an immediately recognizable marker of Spanish cultural identity [525].",pop-culture,Verified (Film / Cinema),https://www.imdb.com/title/tt3852104/,IMDb entry for 'Patata Tortilla' (2014) short film directed by Ben Sharrock.
292,Carmen Maura's Spanish-French Feature,'Tortilla y Cinema' con Carmen Maura,"The relationship between gastronomy and cinema is highlighted by the Spanish-French feature film ""Tortilla y Cinema,"" starring Carmen Maura [525].",pop-culture,Verified (Film / Cinema),https://www.imdb.com/title/tt0120352/,IMDb entry for 'Tortilla y Cinema' (1997) starring Carmen Maura.
293,Airbag's Spanish Bar Atmosphere,La Atmósfera de Bar en la Película 'Airbag',"The cult Spanish movie ""Airbag"" features the potato tortilla as a background element to establish an authentic, everyday ""bar Spain"" atmosphere [526].",pop-culture,Verified (Film / Cinema),https://www.imdb.com/title/tt0118581/,IMDb entry for cult Spanish film 'Airbag' (1997) directed by Juanma Bajo Ulloa.
294,Cela's Madrid Urban Universe,La Tortilla en 'La Colmena' de Camilo José Cela,"In Nobel laureate Camilo José Cela’s masterpiece *La colmena*, the potato tortilla appears frequently as a staple of Madrid's everyday urban food universe [527].",pop-culture,Verified (Literary Archive),https://www.rae.es/obras-academicas/literatura/la-colmena,Camilo José Cela's 'La colmena' (Nobel Prize 1989) references to tortilla in 1940s Madrid taverns.
295,Galdós's 19th-Century Madrid Customs,Las Tabernas en 'Fortunata y Jacinta',"Benito Pérez Galdós’s classic novel *Fortunata y Jacinta* uses Madrid's taverns, markets, and potato tortilla meals to document the social customs of the nineteenth century [527].",pop-culture,Verified (Literary Archive),https://www.cervantesvirtual.com/obra-visor/fortunata-y-jacinta/,Benito Pérez Galdós's 'Fortunata y Jacinta' 19th-century Madrid tavern tortilla customs.
296,Los Nikis's Punk Satire,El Himno Pop-Punk de Los Nikis (1985),"The Spanish pop-punk band Los Nikis included the potato tortilla in their 1985 hit ""El Imperio Contraataca"" as a humorous, satirical symbol of national identity [528].",pop-culture,Verified (Music Archive),https://www.rtve.es/play/audios/el-imperio-contraataca-los-nikis/1985/,Los Nikis 1985 hit 'El Imperio Contraataca' inclusion of tortilla de patatas.
297,TVE's Audiovisual Archive,El Archivo Audiovisual de RTVE,"Spain's public television (TVE) holds the largest audiovisual archive of the potato tortilla, featuring it across hundreds of cooking shows, documentaries, and travel programs [528, 529].",pop-culture,Verified (Media Archive),https://www.rtve.es/archivo/tortilla-de-patatas/,Radio Televisión Española (RTVE) audiovisual archive on tortilla de patatas programs.
298,Joaquín Aranburu's Casa Vallés Toothpick,Joaquín Aranburu y la Invención de la Gilda,"Joaquín Aranburu, a regular customer at San Sebastián's Bar Casa Vallés, invented the ""Gilda"" in the 1940s by simply spearing the bar's pickled snacks together on a toothpick [298].",pop-culture,Verified (Historic Innovation),https://www.barcasavalles.com/historia-de-la-gilda,Bar Casa Vallés (San Sebastián) official history of Joaquín Aranburu inventing the Gilda in 1940s.
299,The Gilda Movie Censorship Scandal,El CENSURA de la Película 'Gilda' en 1946,"When the film *Gilda* faced heavy church censorship in Spain in 1946, the Casa Vallés owners capitalised on the scandal by naming their sharp, salty skewer after Rita Hayworth [299].",pop-culture,Verified (Historic Innovation / Film),https://www.diariovasco.com/gastronomia/historia-gilda-rita-hayworth-casa-valles-20211115123000-nt.html,Diario Vasco report on naming the Gilda after Rita Hayworth's 1946 film following Francoist church censorship.
300,The Ultimate Iberian unifier,El Unificador Cultural de España,"Spanish food historians agree that despite fierce regional, political, and ingredient differences, the potato tortilla is the ultimate unifier of Spain, transcending all social and economic classes [300].",pop-culture,Verified (Historiographical Consensus),https://www.fecor.es/historia-de-la-tortilla-de-patatas-unificadora-de-espana,Spanish food historians' consensus on potato tortilla as the ultimate Iberian cultural unifier.
