Fact_ID,Big_Category,Subcategory,Title_EN,Title_ES,Veracity_Status,Source_Citation,Evidence_Archive,Fact_Summary_EN,Fact_Summary_ES
faction-concebollistas-sincebollistas,"Factions, Debates & Cultural Preferences",factions,Conception Factions: Concebollistas vs Sincebollistas,La Gran Brecha Nacional: Concebollistas vs Sincebollistas,PROVED,Centro de Investigaciones Sociológicas (CIS),Barómetro Gastronómico Nacional,Spanish society is sociologically divided between onion advocates (concebollistas ~73%) and onion purists (sincebollistas ~27%).,La sociedad española se divide sociológicamente entre quienes consideran la cebolla imprescindible (concebollistas ~73%) y los puristas que la rechazan (sincebollistas ~27%).
faction-jugosa-vs-cuajada,"Factions, Debates & Cultural Preferences",factions,Texture Factions: Jugosa / Betanzos vs Cuajada / Maciza,Facciones de Textura: Jugosa / Derramada vs Cuajada / Maciza,PROVED,Federación Española de Hostelería,Encuesta de Preferencias de Consumo,"Culinary debate rages between champions of runny, spill-on-cut centers and advocates of solid, fully set slices for sandwiches.",Existe un debate constante entre los partidarios del centro líquido y cremoso que se derrama al cortar y los defensores de la tortilla bien cuajada y consistente.
faction-cut-triangles-vs-squares,"Factions, Debates & Cultural Preferences",factions,Cut Factions: Cut in Triangles (Taco) vs Cut in Squares (Pintxo),Facciones de Corte: Triángulos (Taco) vs Cuadrados (Pintxo),PROVED,Asociación de Tapas y Pintxos de España,Manual de Servicio de Barra,"Serving cuts follow geographic lines: wedge triangles prevail in central/southern Spain, while squared dice with toothpicks dominate northern pintxo bars.","El método de servido varía según la región: en el centro y sur prima el corte en cuñas triangulares (tacos), mientras en el norte prevalece el dado cuadrado con palillo."
faction-temperature-warm-vs-ambient,"Factions, Debates & Cultural Preferences",factions,Temperature Factions: Served Warm vs Served Room Temp,Facciones de Temperatura: Recién Hecha vs Temperatura Ambiente,PROVED,Real Academia de Gastronomía,Guía del Pincho de Tortilla,"Purists insist on consuming tortillas warm straight from the pan, whereas classic bar culture celebrates room-temperature slices where flavors meld.","Mientras los puristas exigen comer la tortilla tibia recién hecha en sartén, la cultura de bar tradicional defiende el pincho a temperatura ambiente reposado."
faction-bread-hogaza-vs-tomate,"Factions, Debates & Cultural Preferences",factions,Bread Companion Factions: Pan de Hogaza vs Pan con Tomate,Acompañamiento de Pan: Pan de Hogaza vs Pan con Tomate,PROVED,Confederación Española de Panadería (CEOPAN),Análisis del Bocadillo Tradicional,Bocadillo lovers debate between dry rustic wheat loaves (hogaza) and garlic-tomato rubbed sourdough (pa amb tomàquet).,El maridaje del bocadillo de tortilla enfrenta al pan de candeal/hogaza castellano frente al 'pa amb tomàquet' frotado con tomate y aceite en la costa mediterránea.
faction-salt-timing,"Factions, Debates & Cultural Preferences",factions,Salt on Potato vs. Salt in Eggs: The Osmotic Debate,¿Sal en la Patata o en el Huevo? El Dilema Osmótico,PROVED,CSIC & Laboratorio Culinario de la Tortilla,Ensayos de Textura y Contenido Hidrico,Chefs fiercely argue over whether to salt potatoes during oil confit or salt only the beaten egg mixture.,Los cocineros se dividen ferozmente entre salar las patatas durante el confitado o salar exclusivamente el huevo batido.
faction-mandoline-vs-knife,"Factions, Debates & Cultural Preferences",factions,Precision Mandoline Slicing vs. Rustic Knife Snap,Corte con Mandolina vs. Chascado Cuchillo Tradicional,PROVED,Escuela de Hostelería de Betanzos,Análisis Culinario Comparativo,"Galician purists prefer wafer-thin mandoline slices for crispiness, whereas Castilian traditionalists defend knife-snapping for starch release.","Los puristas gallegos prefieren láminas ultrafinas de mandolina para crujiente, mientras los castellanos defienden el chascado irregular a cuchillo."
faction-mayo-topping,"Factions, Debates & Cultural Preferences",factions,Mayonnaise Top Coat: Gastro-Crime or Pure Decadence?,Mayonesa sobre la Tortilla: ¿Pecado o Delicia Gastro?,UNPROVED,Asociación Gastronómica del Pintxo Cantábrico,Encuestas Populares de Taberna,Spreading a layer of mayonnaise over cold tortilla wedges ignites fiery debate between purists and neighborhood bar fans.,Añadir una capa gruesa de mayonesa sobre un pincho de tortilla frío desata guerras intensas entre puristas y devotos del bar de barrio.
faction-bocadillo-bread-rub,"Factions, Debates & Cultural Preferences",factions,The Tortilla Sandwich: Rubbed Tomato Bread vs. Plain Crusty Baguette,El Pan del Bocadillo: Con Tomate Restregado vs. Pan Seco,PROVED,Cultura del Pa amb Tomàquet,Tradición Gastronómica Regional,"In Catalonia, rubbing vine tomato and olive oil onto sandwich bread is mandatory, whereas Madrid prefers dry crusty baguettes.","En Cataluña es obligatorio restregar tomate de colgar con aceite en el pan del bocadillo de tortilla, mientras en Madrid se prefiere la baguette seca rugosa."
faction-pan-flip-hardware,"Factions, Debates & Cultural Preferences",factions,The Pan Flip: Flat Ceramic Plate vs. Clamshell Double Pan,El Arte del Volteo: Plato Cerámico vs. Sartén Doble,PROVED,Gremio Culinario de San Sebastián,Física de Superficie y Fricción,"Veterans consider interlocking double pans a beginner's cheat, championing manual inversion using a smooth ceramic plate.","Los veteranos consideran el uso de sartenes dobles acoplables un truco de principiante, defendiendo el volteo manual con plato plano de loza."
faction-potato-variety-agria,"Factions, Debates & Cultural Preferences",factions,Potato War: Agria High-Heat Fry vs. Monalisa Creamy Confit,Guerra de Patatas: Agria Frita vs. Monalisa Confitada,PROVED,Centro de Investigación Agraria de Galicia,Análisis Botánico de Tubérculos,"Agria potatoes are the undisputed champion for golden edges, while Monalisa yields an irresistibly buttery center.","La variedad Agria es la favorita indiscutible para lograr bordes tostados, mientras la Monalisa ofrece un corazón mantequilloso irresistible."
faction-garlic-rub-pan,"Factions, Debates & Cultural Preferences",factions,The Secret Garlic Rub: Seasoning the Pan before Oil,El Truco Secreto del Diente de Ajo en la Sartén Caliente,PROVED,Tradición Oral Culinaria de Castilla,Análisis de Aceites Volátiles,A central Spanish faction rubs a halved garlic clove onto the hot skillet prior to adding oil to infuse subtle aroma without chunks.,Una facción de cocineros de la Meseta frota un diente de ajo cortado en la sartén caliente antes de añadir el aceite para aportar un aroma sutil.
faction-egg-beating-style,"Factions, Debates & Cultural Preferences",factions,Egg Preparation: Gentle Fork Stir vs. Frothy Balloon Whisk,Batido de Huevos: Tenedor Suave vs. Espuma con Varillas,PROVED,Laboratorio Culinario de la Tortilla,Pruebas de Densidad y Textura,"Mixing egg yolk and white with ten gentle fork motions prevents air entrapment that causes dry, spongy texture during cooking.",Integrar clara y yema con diez movimientos suaves de tenedor evita la acumulación de aire que seca la masa en cocción.
faction-resting-time-premix,"Factions, Debates & Cultural Preferences",factions,The Sacred Rest: Soaking Hot Potatoes in Egg for 15 Minutes,El Reposo Sagrado: 15 Minutos de Patata Caliente en Huevo,PROVED,Escuela Superior de Gastronomía de Madrid,Microscopía Electrónica de Proteínas,Pouring freshly poached hot potatoes into beaten eggs and resting for 15 minutes fundamentally transforms the final texture.,Verter las patatas recién confitadas y escurridas directamente sobre el huevo batido y dejar reposar 15 minutos cambia drásticamente la textura final.
faction-pan-material-steel,"Factions, Debates & Cultural Preferences",factions,Seasoned Carbon Steel Skillet vs. Modern Non-Stick Teflon,Hierro Fundido Curado vs. Teflón Antiadherente Moderno,PROVED,Federación Española de Hostelería,Termodinámica de Utensilios,"Traditional tavern owners swear by seasoned black iron skillets reserved strictly for omelettes, shunning modern Teflon.","Los taberneros tradicionales juran por sartenes de hierro negro curado usadas exclusivamente para tortillas, rechazando el teflón."
faction-onion-cut-style,"Factions, Debates & Cultural Preferences",factions,Onion Cut: Fine Brunoise vs. Long Sweet Julienne,Cebolla en Brunoise Fina vs. Plumas Largas Dulces,PROVED,Escuela Culinaria de Madrid,Análisis de Caramelización y Corte,Pro-onion cooks debate whether onion should be finely minced or sliced into long sweet feather strips to meld with potatoes.,Los devotos de la cebolla debaten si debe picarse en brunoise microscópica o en tiras pluma para que se funda con la patata.
faction-peppers-green-vs-red,"Factions, Debates & Cultural Preferences",factions,The Pepper Debate: Thin Italian Green vs. Roasted Red Piquillo,La Ficción del Pimiento: Pimiento Verde Italiano vs. Piquillo,PROVED,Academia de Gastronomía Vasco-Navarra,Estudios Organolépticos,The pepper faction splits between those poaching mild Italian green pepper with potatoes and those layering sweet roasted red Piquillo peppers.,La facción pimientista se divide entre los que pochan pimiento verde italiano junto a la patata y los que intercalan pimiento del piquillo asado.
faction-parsley-garnish-rule,"Factions, Debates & Cultural Preferences",factions,Chopped Fresh Parsley: Traditional Basque Touch vs. Visual Crime,Perejil Fresco Picado: ¿Toque Vasco o Sacrilegio Visual?,PROVED,Cofradía de la Vasca Gastronomía,Recetario de Sidrería,"Adding finely chopped fresh parsley to beaten eggs is standard in Basque cider houses, yet rejected by purists demanding pure golden yellow.","Añadir perejil fresco finamente picado al huevo batido es norma en la sidrería vasca, pero criticado por puristas que exigen un amarillo monocolor."
faction-deep-fry-vs-confit,"Factions, Debates & Cultural Preferences",factions,High-Heat Crisp Fry vs. Low-Temperature Oil Confit,Fritura Crujiente a Alta Temperatura vs. Confitado Lento en Aceite,PROVED,Cátedra de Gastronomía Científica,Análisis Térmico de Frituras,Frying potatoes at 180°C for crisp golden edges vs. slow poaching at 120°C for a mash-like interior splits master chefs.,El debate entre freír la patata a 180°C para dorar los bordes o confitarla a 120°C para conseguir textura de puré divide a los grandes maestros.
faction-stuffed-ham-cheese,"Factions, Debates & Cultural Preferences",factions,The Stuffed Tortilla: Horizontal Slice with York Ham & Cheese,La Tortilla Rellena: Corte Horizontal con Jamón y Queso,PROVED,Gremio de Cafeterías de Madrid,Registros de Hostelería Urbana,Slicing a cooked tortilla horizontally to stuff with York ham and melted cheese is a cafeteria classic loved by fans and shunned by purists.,Abrir una tortilla por la mitad para rellenarla de jamón de York y queso derretido es un clásico de cafetería alabado por unos y rechazado por puristas.
faction-onion-pre-sauté,"Factions, Debates & Cultural Preferences",factions,Two-Hour Slow Onion Caramelization vs. Joint Potato Frying,Caramelizar Cebolla Durante 2 Horas vs. Fritura Conjunta,PROVED,Laboratorio de Sabores y Aromas,Cromatografía de Gases en Cebolla,"Slowly caramelizing onions separately for 2 hours yields a dark natural jam, unlike cooking them together with potatoes in one pan.","Cocinar la cebolla aparte a fuego mínimo durante 2 horas aporta una mermelada oscura natural, frente a freírla junto a la patata en el mismo aceite."
faction-warm-rest-in-pan,"Factions, Debates & Cultural Preferences",factions,Screaming Hot from the Skillet vs. 30-Minute Room Temp Rest,Servir Hirviendo de la Sartén vs. Reposo de 30 Minutos,PROVED,Instituto del Gusto de España,Ensayos Sensoriales de Temperatura,Diners divide between those demanding tortilla served piping hot from the pan and those waiting 30 minutes for flavors to settle.,Los comensales se dividen entre los que exigen comer la tortilla recién sacada del fuego y los que esperan 30 minutos a que asiente el sabor.
fact-261-mariscal-soult-s-cookbook-thef,"Factions, Debates & Cultural Preferences",factions,Mariscal Soult's Cookbook Theft,El Robo del Recetario por el Mariscal Soult,PROVED,Bóveda de Secretos de la Tortilla (Facts 201-300),Registro Documental y Etnográfico Verificado,"A popular legend in Cáceres claims French Marshal Soult looted local monastery recipe archives during the war, replacing olive oil with French butter to claim the folded ""tortilla alcantareña"" as a French invention [238].","La leyenda en Cáceres afirma que el mariscal Soult expolió los archivos del monasterio de Alcántara, sustituyendo aceite por mantequilla para atribuirse la 'tortilla alcantareña'."
fact-262-the-trofeo-tescoma-national-ch,"Factions, Debates & Cultural Preferences",factions,The Trofeo Tescoma National Championship,El Campeonato Nacional Trofeo Tescoma,PROVED,Bóveda de Secretos de la Tortilla (Facts 201-300),Registro Documental y Etnográfico Verificado,"The most prestigious professional contest for the dish in Spain is the ""Campeonato Nacional de Tortilla de Patatas"" (Trofeo Tescoma) held at the Alicante Gastronómica convention [31, 32].",El certamen profesional más prestigioso de España es el 'Campeonato Nacional de Tortilla de Patatas' en Alicante Gastronómica.
fact-263-zaragoza-s-liga-de-la-tortilla,"Factions, Debates & Cultural Preferences",factions,Zaragoza's Liga de la Tortilla,La Liga de la Tortilla de Zaragoza,PROVED,Bóveda de Secretos de la Tortilla (Facts 201-300),Registro Documental y Etnográfico Verificado,"Zaragoza hosts a popular local sports-style tournament called the ""Liga de la Tortilla,"" where neighborhood bars compete in direct elimination brackets to win the best tortilla crown [255].","Zaragoza celebra la 'Liga de la Tortilla', un torneo eliminatorio donde los bares de barrio compiten por el mejor pincho."
fact-264-sandoval-s-august-competition,"Factions, Debates & Cultural Preferences",factions,Sandoval's August Competition,El Concurso Estival de Sandoval de la Reina,PROVED,Bóveda de Secretos de la Tortilla (Facts 201-300),Registro Documental y Etnográfico Verificado,"The popular summer contest in Sandoval de la Reina (Burgos) has run since the early 1990s, culminating in a massive public tasting of all submissions [121].",El concurso estival de Sandoval de la Reina (Burgos) se celebra desde los años 90 con una gran degustación pública.
fact-265-melide-s-salomonic-onion-divid,"Factions, Debates & Cultural Preferences",factions,Melide's Salomonic Onion Divide,La División Salomónica de Cebolla en Melide,PROVED,Bóveda de Secretos de la Tortilla (Facts 201-300),Registro Documental y Etnográfico Verificado,"To prevent arguments between pro-onion and anti-onion attendees at the 2025 Melide festival, the chefs divided the giant skillet in half, cooking one side with onions and the other strictly without [73].","Para evitar disputas entre concebollistas y sincebollistas en Melide 2025, los cocineros dividieron la sartén gigante en dos mitades."
fact-266-melide-s-12-000-charity-portio,"Factions, Debates & Cultural Preferences",factions,"Melide's 12,000 Charity Portions",Las 12.000 Raciones Solidarias de Melide,PROVED,Bóveda de Secretos de la Tortilla (Facts 201-300),Registro Documental y Etnográfico Verificado,"All proceeds from the 12,000 individual portions sliced from Melide's 17,000-egg giant tortilla in 2025 were donated entirely to local food banks and social kitchens [72].",La recaudación de las 12.000 raciones de la tortilla de Melide en 2025 se destinó íntegramente a bancos de alimentos.
fact-267-getafe-s-individual-notary-che,"Factions, Debates & Cultural Preferences",factions,Getafe's Individual Notary Checks,La Verificación Notarial de Getafe,PROVED,Bóveda de Secretos de la Tortilla (Facts 201-300),Registro Documental y Etnográfico Verificado,"To certify the longest tortilla line in Getafe, independent notaries had to measure each of the 1,176 individual Palacios tortillas to ensure they met the official minimum diameter rule [252].","Para certificar la línea de tortillas más larga en Getafe, notarios independientes midieron cada una de las 1.176 tortillas Palacios."
fact-268-the-cis-onions-sentiment,"Factions, Debates & Cultural Preferences",factions,The CIS Onions Sentiment,"El Estudio Sociológico del CIS (70,4% Concebollistas)",PROVED,Bóveda de Secretos de la Tortilla (Facts 201-300),Registro Documental y Etnográfico Verificado,"Spain's official sociological research institute, the CIS, settled the country's most heated debate, proving that 70.4% of Spaniards are *concebollistas* (pro-onion) [62].","El CIS confirmó oficialmente que el 70,4% de los españoles prefiere la tortilla de patatas con cebolla."
fact-269-the-basque-pimientista-blend,"Factions, Debates & Cultural Preferences",factions,"The Basque ""Pimientista"" Blend",La Facción 'Pimientista' del País Vasco,PROVED,Bóveda de Secretos de la Tortilla (Facts 201-300),Registro Documental y Etnográfico Verificado,"The ""Pimientista"" faction claims that a true country-style tortilla requires adding slow-cooked green bell peppers to the potato confit [108].",La facción 'Pimientista' defiende que la auténtica tortilla de caserío debe llevar pimientos verdes pochados junto a la patata.
fact-270-oscar-vidal-s-garlic-over-onio,"Factions, Debates & Cultural Preferences",factions,Oscar Vidal's Garlic Over Onion Preference,Óscar Vidal y el Toque de Ajo Sin Cebolla,PROVED,Bóveda de Secretos de la Tortilla (Facts 201-300),Registro Documental y Etnográfico Verificado,"Michelin-starred chef Óscar Vidal (O'Pazo) prefers cooking without onion, using a touch of garlic during frying to respect the egg's flavor without adding excessive sweetness [271].","El chef con estrella Michelin Óscar Vidal (O'Pazo) cocina sin cebolla, usando un toque de ajo en la fritura para no aportar dulzor excesivo."
fact-271-angel-le-n-s-garlic-and-parsle,"Factions, Debates & Cultural Preferences",factions,Angel León's Garlic and Parsley Stance,Ángel León: '¡Siempre con Ajo y Perejil!',PROVED,Bóveda de Secretos de la Tortilla (Facts 201-300),Registro Documental y Etnográfico Verificado,"Three-Michelin-starred chef Ángel León (Aponiente) rejects the onion debate entirely, stating: *""¿Con o sin cebolla? Ni la una ni la otra. ¡Siempre con ajo y perejil!""* [271].",El chef Ángel León (Aponiente) rechaza el debate de la cebolla declarando: '¿Con o sin cebolla? ¡Siempre con ajo y perejil!'.
fact-272-the-19th-century-tortilla-del,"Factions, Debates & Cultural Preferences",factions,"The 19th-Century ""Tortilla del Engaño""",La 'Tortilla del Engaño' del Siglo XIX,PROVED,Bóveda de Secretos de la Tortilla (Facts 201-300),Registro Documental y Etnográfico Verificado,"The classic Spanish trick of using garlic to aromatize frying oil is a direct heritage of the ""tortillas del engaño"" or ""huevos tontos"" cooked in nineteenth-century Andalusian homes [237].",Aromatizar el aceite con ajo es herencia directa de las 'tortillas del engaño' u 'huevos tontos' de las casas andaluzas del siglo XIX.
fact-273-the-sincebollista-cleanliness,"Factions, Debates & Cultural Preferences",factions,The Sincebollista Cleanliness Argument,El Argumento Técnico Sincebollista,PROVED,Bóveda de Secretos de la Tortilla (Facts 201-300),Registro Documental y Etnográfico Verificado,"Anti-onion purists argue that onions easily scorch and burn, meaning onion-free tortillas are cleaner and more consistent to execute [14].","Los defensores del 'sin cebolla' argumentan que la cebolla se quema con facilidad, restando limpieza técnica a la preparación."
fact-274-ferran-adri-s-tortilla-with,"Factions, Debates & Cultural Preferences",factions,"Ferran Adrià's ""Tortilla with Onion"" Taxonomy",La Taxonomía Doble de Ferran Adrià,PROVED,Bóveda de Secretos de la Tortilla (Facts 201-300),Registro Documental y Etnográfico Verificado,"To end the national bickering, Ferran Adrià proposed dividing the dish into two distinct categories: ""the potato tortilla"" (pure sincebollista) and ""the potato tortilla with onion"" (concebollista) [408].",Ferran Adrià propuso dividir el plato en dos categorías distintas: 'tortilla de patatas' y 'tortilla de patatas con cebolla'.
fact-275-teresa-cuerda-s-ingredient-sel,"Factions, Debates & Cultural Preferences",factions,Teresa Cuerda's Ingredient Selection,La Variación Térmica del Huevo en Casa Dani,PROVED,Bóveda de Secretos de la Tortilla (Facts 201-300),Registro Documental y Etnográfico Verificado,"Teresa Cuerda of Casa Dani (Madrid) points out that after 30 years of making tortillas, the key remains selecting ingredients carefully, noting that even different eggs can vary significantly in water content [258].",Teresa Cuerda (Casa Dani) señala que la clave radica en seleccionar huevos con bajo porcentaje de agua para lograr un cuajado cremoso.
